기능,영역,우리 앱,우선순위,상태,본 곳,우리 앱 근거,확인 방법,출처 URL,구현 커밋
"자동감시주문 — 종목별 스탑로스·트레일링 스탑",자동매매,없음,높음,시작 전,"키움 영웅문,한국투자 한투,NH나무","grep으로 stoploss/trailing 코드 없음 확인. 자동매매에 중단선(stopEquity)이 있지만 계좌 전체 평가금액 기준이라 종목별 손절과 성격이 다르다 (autoTrader.ts:105)","키움 [0624] 자동감시주문 / 한투 HTS [8251] 주식 StopLoss — 원문 '손절매(Stop Loss), 이익제한(Trailing Stop) 등 강제 청산 주문… HTS를 종료하더라도 조건이 성립되면 자동으로 주문이 실행'(유효기간 30일) / NH [8295][8296]. ★KIS 오픈API에는 이 기능이 없다 — 본문 참고",https://download.kiwoom.com/hero4_help_new/0624.htm,
"매도 세율 2026년 인상 반영 (0.18% → 0.20%)",주문,있음,높음,완료,기타,"shared/src/index.ts KR_SELL_TAX_RATE. 주문 티켓 예상 비용·수수료 계산기·백테스트 왕복 비용·신호 채점 네 곳이 이 상수를 쓴다","DS투자증권 2026년 증권거래세율 인상 안내(공지) · 공공뉴스 · 헤럴드경제 — 세 곳이 합계 0.20%로 일치. 코넥스는 0.10% 유지",https://www.ds-sec.co.kr/bbs/board.php?bo_table=sub06_10&wr_id=779,d62dc6f
"조건 주문 (가격 도달 시 자동 매수·매도)",주문,일부만,보통,시작 전,"토스증권,NH나무,한국투자 한투","예약주문(다음 개장일 지정가)은 있다. 가격 조건으로 발동하는 주문은 없다. 자동매매는 전략 신호로 움직이는 것이라 성격이 다르다","토스 공지 / NH HTS [8295][8296] 시세포착주문 도움말 — 원문 '지정한 특정 시세조건에 만족하는 경우 서버에서 자동으로 주문이 발생', 감시조건은 이익·손실 / 한투 HTS [8253] 시세감시주문은 알림·수동·자동 3택·조건 10개",https://corp.tossinvest.com/ko/post?type=notice&id=5929&category=129,
"예약주문에 장전 시간외(05)를 열 수 있다",주문,일부만,보통,시작 전,한국투자 한투,"backend/src/kis/rest.ts:1514 — ORD_DVSN_CD: '00' 하드코딩","KIS 공식 레포 examples_user/domestic_stock/domestic_stock_functions.py:10442 원문 직접 확인",https://github.com/koreainvestment/open-trading-api,
"실현·평가·총손익을 한 화면에서 보여줌",계좌·손익,일부만,보통,시작 전,"한국투자 한투,NH나무","둘 다 있지만 서로 다른 카드다 — 평가손익은 보유 종목 표(App.tsx:6803), 실현손익은 기간별 매매손익 카드(App.tsx:6985). 합계는 없다 — '총손익' grep 0건","한투 HTS [2100] 주식 실시간잔고 도움말 — 실현손익=당일매도금액−매도분매입금액−제비용, 평가손익=(현재가−매입단가)×수량−제비용, 총손익=둘의 합 / NH HTS [8112] 당일손익평가(체결기준)는 매매손익·잔고평가손익 분리 + D+2 정산금액 추정",https://securities.koreainvestment.com/pro_help/2100.html,
"호가를 REST 3초 폴링 대신 실시간 WS로",시세·차트,일부만,보통,시작 전,기타,"호가·예상체결을 REST(FHKST01010200)로 3초마다 폴링한다. 비용 때문에 보고 있는 종목 하나에만 건다(docs/TRADING_API.md). WS 인프라는 이미 있다 — backend/src/kis/realtime.ts가 H0STCNT0·H0STCNI0를 구독 중","KIS 공식 레포에 H0STASP0(실시간호가) 존재 확인. 우리 코드는 realtime.ts 직접 확인",https://github.com/koreainvestment/open-trading-api,
"알림 체계 — 미체결·목표수익률·일등락률",알림,없음,보통,시작 전,"키움 영웅문,토스증권,한국투자 한투","grep으로 알림 코드 없음. 화면의 '주문 진행 알림'은 실시간 체결 통보(H0STCNI0) 표시라 내가 낸 주문 이야기지 가격 알림이 아니다 (App.tsx:7982)","키움 알림 서비스 안내 페이지 / 한투 HTS [7509] 주식 목표수익률 알림서비스 도움말 — 원문 '최대 20개 종목까지 등록 가능', 관심지정종목 시세알림은 1일 1회 지정시각±등락 10%·상하한가 진입",https://www.kiwoom.com/h/banking/apply/VStockTradeAlimInfo1View,
"종목별 지정가 도달 알림",알림,없음,보통,시작 전,토스증권,"grep으로 알림/notification 관련 코드 없음 확인. 실시간 체결 통보(H0STCNI0)는 내 주문에 대한 것이고 가격 알림이 아니다","헤럴드경제 토스 MTS 업데이트 기사 — 종목별로 가격변동·뉴스·공시 알림을 켜고, 지정가를 설정해 도달 시 알림. 기사 기반이라 실제 동작은 확인 못 함",https://mbiz.heraldcorp.com/article/2762692,
"조건검색 — HTS에 저장한 내 조건을 API로 실행",탐색·발견,일부만,낮음,시작 전,"한국투자 한투,NH나무","자체 스크리닝이 있다(backend/src/trading/screening.ts) — 가격·거래대금·비용 문턱. 사용자가 조건을 짜는 기능은 없다","KIS 공식 레포 psearch_result docstring 직접 확인 — psearch-title로 조건 목록, 그 seq를 psearch-result에 넣는다. 한투 [0110] 순차검색, NH [1950] 15개 주기·전략 공유",https://github.com/koreainvestment/open-trading-api,
